{
  "name": "Aragorn's Orc BBQ",
  "min_order": 20,
  "delivery_fee": 5,
  "menu": {
    "Appetizers": {
      "0": {
        "name": "Orc feet",
        "description": "Seasoned and grilled over an open flame.",
        "price": 5.5
      },
      "1": {
        "name": "Pickled Orc fingers",
        "description": "Served with warm bread, 5 per order.",
        "price": 4
      },
      "2": {
        "name": "Sauron's Lava Soup",
        "description": "It's just really spicy water.",
        "price": 7.5
      },
      "3": {
        "name": "Eowyn's (In)Famous Stew",
        "description": "Bet you can't eat it all.",
        "price": 0.5
      },
      "4": {
        "name": "The 9 rings of men.",
        "description": "The finest of onion rings served with 9 different dipping sauces.",
        "price": 14.5
      }
    },
    "Combos": {
      "5": {
        "name": "Buying the Farm",
        "description": "An arm and a leg, a side of cheek meat, and a buttered biscuit.",
        "price": 15.99
      },
      "6": {
        "name": "The Black Gate Box",
        "description": "Lots of unidentified pieces. Serves 50.",
        "price": 65
      },
      "7": {
        "name": "Mount Doom Roast Special with Side of Precious Onion Rings.",
        "description": "Smeagol's favorite.",
        "price": 15.75
      },
      "8": {
        "name": "Morgoth's Scorched Burgers with Chips",
        "description": "Blackened beyond recognition.",
        "price": 13.33
      },
      "10": {
        "name": "Slab of Lurtz Meat with Greens.",
        "description": "Get it while supplies last.",
        "price": 17.5
      },
      "11": {
        "name": "Rangers Field Feast.",
        "description": "Is it chicken? Is it rabbit? Or...",
        "price": 5.99
      }
    },
    "Drinks": {
      "12": {
        "name": "Orc's Blood Mead",
        "description": "It's actually raspberries - Orc's blood would be gross.",
        "price": 5.99
      },
      "13": {
        "name": "Gondorian Grenache",
        "description": "A fine rose wine.",
        "price": 7.99
      },
      "14": {
        "name": "Mordor Mourvedre",
        "description": "A less-fine rose wine.",
        "price": 5.99
      }
    }
  }
}
