{
  "name": "Frodo's Flapjacks",
  "min_order": 35,
  "delivery_fee": 6,
  "menu": {
    "Breakfast": {
      "0": {
        "name": "Hobbit Hash",
        "description": "Five flapjacks, potatoes, leeks, garlic, cheese.",
        "price": 9
      },
      "1": {
        "name": "The Full Flapjack Breakfast",
        "description": "Eight flapjacks, two sausages, 3 eggs, 4 slices of bacon, beans, and a coffee.",
        "price": 14
      },
      "2": {
        "name": "Southfarthing Slammer",
        "description": "15 flapjacks and 2 pints of syrup.",
        "price": 12
      }
    },
    "Second Breakfast": {
      "3": {
        "name": "Beorning Breakfast",
        "description": "6 flapjacks smothers in honey.",
        "price": 7.5
      },
      "4": {
        "name": "Shire Strawberry Special",
        "description": "6 flapjacks and a hearty serving of strawberry jam.",
        "price": 8
      },
      "5": {
        "name": "Buckland Blackberry Breakfast",
        "description": "6 flapjacks covered in fresh blackberries. Served with a large side of sausage.",
        "price": 14.99
      }
    },
    "Elevenses": {
      "6": {
        "name": "Lembas",
        "description": "Three pieces of traditional Elvish Waybread",
        "price": 7.7
      },
      "7": {
        "name": "Muffins of the Marish",
        "description": "A variety of 8 different types of muffins, served with tea.",
        "price": 9
      },
      "8": {
        "name": "Hasty Hobbit Hash",
        "description": "Potatoes with onions and cheese. Served with coffee.",
        "price": 5
      }
    },
    "Luncheon": {
      "9": {
        "name": "Shepherd's Pie",
        "description": "A classic. Includes 3 pies.",
        "price": 15.99
      },
      "10": {
        "name": "Roast Pork",
        "description": "An entire pig slow-roasted over a fire.",
        "price": 27.99
      },
      "11": {
        "name": "Fish and Chips",
        "description": "Fish - fried. Chips - nice and crispy.",
        "price": 5.99
      }
    },
    "Afternoon Tea": {
      "12": {
        "name": "Tea",
        "description": "Served with sugar and cream.",
        "price": 3
      },
      "13": {
        "name": "Coffee",
        "description": "Served with sugar and cream.",
        "price": 3.5
      },
      "14": {
        "name": "Cookies and Cream",
        "description": "A dozen cookies served with a vat of cream.",
        "price": 15.99
      },
      "15": {
        "name": "Mixed Berry Pie",
        "description": "Fresh baked daily.",
        "price": 7
      }
    },
    "Dinner": {
      "16": {
        "name": "Po-ta-to Platter",
        "description": "Boiled. Mashed. Stuck in a stew.",
        "price": 6
      },
      "17": {
        "name": "Bree and Apple",
        "description": "One wheel of brie with slices of apple.",
        "price": 7.99
      },
      "18": {
        "name": "Maggot's Mushroom Mashup",
        "description": "It sounds disgusting, but its pretty good",
        "price": 6.5
      },
      "19": {
        "name": "Fresh Baked Bread",
        "description": "A whole loaf of the finest bread the Shire has to offer.",
        "price": 6
      },
      "20": {
        "name": "Pint of Ale",
        "description": "Yes, it comes in pints.",
        "price": 5
      }
    },
    "Supper": {
      "21": {
        "name": "Sausage Sandwich",
        "description": "Six whole sausages served on a loaf of bread. Covered in onions, mushrooms and gravy.",
        "price": 15.99
      },
      "22": {
        "name": "Shire Supper",
        "description": "End the day as you started it, with a dozen flapjacks, 5 eggs, 3 sausages, 7 pieces of bacon, and a pint of ale.",
        "price": 37.99
      }
    }
  }
}
