{
  "name": "Lembas by Legolas",
  "min_order": 15,
  "delivery_fee": 3.99,
  "menu": {
    "Lembas": {
      "0": {
        "name": "Single",
        "description": "One piece of lembas.",
        "price": 3
      },
      "1": {
        "name": "Double",
        "description": "Two pieces of lembas.",
        "price": 5.5
      },
      "2": {
        "name": "Triple",
        "description": "Three pieces, which should be more than enough.",
        "price": 8
      }
    },
    "Combos": {
      "3": {
        "name": "Second Breakfast",
        "description": "Two pieces of lembas with honey.",
        "price": 7.5
      },
      "4": {
        "name": "There and Back Again",
        "description": "All you need for a long journey - 6 pieces of lembas, salted pork, and a flagon of wine.",
        "price": 25.99
      },
      "5": {
        "name": "Best Friends Forever",
        "description": "Lembas and a heavy stout.",
        "price": 6.6
      }
    }
  }
}
